task;solution
Nmap: Scan all 65535 ports on target 192.168.178.1;nmap -p- 192.168.178.1
Nmap: Perform an OS detection scan on home.jpao.dev and save results in normal format to os_scan.txt. Use superuser privileges for the scan;sudo nmap -O home.jpao.dev -oN os_scan.txt
Nikto: Perform a vulnerability scan on https://home.jpao.dev and save the output to vuln_scan.txt;nikto -h https://home.jpao.dev -o vuln_scan.txt
Nikto: Scan https://home.jpao.dev, use user agent "Firefox 5.0" and disable interactive features;nikto -h https://home.jpao.dev -useragent "Firefox 5.0" -nointeractive
Dirb: Scan https://home.jpao.dev using the Kali Linux common.txt dirb wordlist in the folder /usr/share/wordlists/dirb;dirb https://home.jpao.dev /usr/share/wordlists/dirb/common.txt
Dirb: Perform a scan on https://home.jpao.dev with a custom wordlist custom.txt and a custom user agent "Mozilla/5.0";dirb https://home.jpao.dev custom.txt -a "Mozilla/5.0"
Gobuster: Discover directories on https://home.jpao.dev/ with the wordlist small.txt and save results to dirs.txt - blacklist status code 200;gobuster dir -u https://home.jpao.dev/ -w small.txt -o dirs.txt -b 200
Gobuster: Perform DNS subdomain enumeration for jpao.dev using the wordlist dns.txt and save output to subdomains.txt;gobuster dns -d jpao.dev -w dns.txt -o subdomains.txt
Ffuf: Fuzz URL http://home.jpao.dev/FUZZ with wordlist paths.txt, filtering out HTTP 404 responses;ffuf -w paths.txt -u http://home.jpao.dev/FUZZ -fc 404
Ffuf: Perform directory bruteforcing on http://home.jpao.dev/ using the Kali Linux common.txt dirb wordlist in the folder /usr/share/wordlists/dirb;ffuf -w /usr/share/wordlists/dirb/common.txt -u http://home.jpao.dev/FUZZ
Hydra: Brute force SSH login at home.jpao.dev with username pwn and password list passwords.txt;hydra -l pwn -P passwords.txt ssh://home.jpao.dev
Hydra: Attack FTP login on home.jpao.dev using user list users.txt and password list passwords.txt, limiting to 5 tasks;hydra -L users.txt -P passwords.txt -t 5 ftp://home.jpao.dev
Subfinder: Discover subdomains for jpao.dev and show only subdomains in the output;subfinder -d jpao.dev -silent
Subfinder: Find subdomains for jpao.dev and output to domain_subdomains.txt;subfinder -d jpao.dev -o domain_subdomains.txt
Amass: Enumerate subdomains for home.jpao.dev with active flag;amass enum -active -d home.jpao.dev
Amass: Use amass to perform passive enumeration for target jpao.dev, output to ascan.txt;amass enum -passive -d jpao.dev -o ascan.txt
Wpscan: Scan home.jpao.dev for vulnerable plugins and output to plugins.txt;wpscan --url home.jpao.dev --enumerate vp -o plugins.txt
Wpscan: Perform a scan on home.jpao.dev save results to results.txt and force the scan without checking for 403;wpscan --url home.jpao.dev -o results.txt --force
Sqlmap: Perform an injection test on -u URL http://vulnweb.com/item?id=1 and perform extensive DBMS version fingerprinting and retrieve DBMS banner;sqlmap -u "http://vulnweb.com/item?id=1" -f -b
Sqlmap: Start scan, specify url parameter with -u as "http://testphp.vulnweb.com/listproducts.php?cat=1", specify the header X-Forwarded-For as 127.0.0.1 and use "Firefox/5.0" as user agent;sqlmap -u "http://testphp.vulnweb.com/listproducts.php?cat=1" -A "Firefox/5.0" -H "X-Forwarded-For: 127.0.0.1"